{
  "metadata": {
    "chembl_release": "ChEMBL_37",
    "seed": 20260718,
    "generated_at": "2026-07-19T06:17:44.535689+00:00"
  },
  "targets": [
    {
      "target": "CHEMBL2039",
      "name": "MAO-B",
      "eligible": true,
      "pdb": "2V5Z",
      "ligand": "SAG",
      "redock_rmsd": 1.3965079231946587,
      "n_compounds": 1995,
      "n_active": 145,
      "active_ratio": 0.07268170426065163,
      "n_train_actives": 872,
      "n_docking_failures": 3,
      "elapsed_minutes": 236.3,
      "overall": {
        "docking": {
          "roc_auc": 0.7725461323392357,
          "pr_auc": 0.18949596573077476,
          "ef_1pct": 3.439655172413793,
          "ef_5pct": 2.6141379310344828,
          "bedroc": 0.2733342956430347,
          "bedroc_ci": [
            0.2067850016292594,
            0.34013700132770264
          ]
        },
        "similarity": {
          "roc_auc": 0.9528685927306617,
          "pr_auc": 0.825898035188118,
          "ef_1pct": 13.758620689655173,
          "ef_5pct": 12.933103448275862,
          "bedroc": 0.8867659664631412,
          "bedroc_ci": [
            0.8434023221004076,
            0.9237818169002027
          ]
        }
      },
      "by_novelty": [
        {
          "bin": "dissimilar (<0.5)",
          "n": 1897,
          "n_active": 53,
          "docking": {
            "roc_auc": 0.7316743748209389,
            "pr_auc": 0.0796404486454336,
            "ef_1pct": 3.767626613704071,
            "ef_5pct": 2.6373386295928496,
            "bedroc": 0.2088697286570505
          },
          "similarity": {
            "roc_auc": 0.8754092825277289,
            "pr_auc": 0.3430579751258348,
            "ef_1pct": 18.838133068520357,
            "ef_5pct": 10.549354518371398,
            "bedroc": 0.5485533980795498
          }
        },
        {
          "bin": "close analog (>=0.5)",
          "n": 98,
          "n_active": 92,
          "docking": {
            "roc_auc": 0.44021739130434784,
            "pr_auc": 0.939048896225628,
            "ef_1pct": 1.0652173913043477,
            "ef_5pct": 1.0652173913043477,
            "bedroc": 0.9628226051563992
          },
          "similarity": {
            "roc_auc": 0.7309782608695652,
            "pr_auc": 0.9715513895462596,
            "ef_1pct": 1.0652173913043477,
            "ef_5pct": 1.0652173913043477,
            "bedroc": 0.9971122229388015
          }
        }
      ]
    }
  ]
}